apk_file,malicious_likelihood_score,virus_scan_result
1000_androix.com.android.NightVisionCam.apk,1.20277777778,Benign
1000_com.chartcross.gpstest.apk,0.883333333333,Benign
1000_com.haxor.apk,0.166666666667,Benign
1310178647_com.antivirus.apk,0.809889770723,Benign
1310178647_com.lookout.apk,0.710537918871,Benign
1310178647_com.portwise.mid.clients.android.apk,1.57407407407,Benign
1310178647_de.thedelmann.wol.apk,1.41388888889,Benign
1310635736_com.chung.compasslevel.apk,1.35,Benign
1310635736_com.keramidas.TitaniumBackup.apk,1.14992441421,Benign
1310635736_com.tobyyaa.superbattery.apk,1.1937037037,Benign
1310635736_demo.galmoori.datausage.apk,1.22944647945,Benign
2972883_com.nixon.eval.apk,0.5,Benign
39899248_com.landak.loadmon.apk,0.997503306878,Benign
41643359_com.amazing_create.android.adataconmon.apk,1.31084656085,Benign
0c059ad62b9dbccf8943fe4697f2a6b0cb917548.apk,1.61111111111,Malware
0db53aefbd60325df198e9ebb190f45c61ac8923.apk,1.2721340388,Malware
127df235a9181bb4cdb4dbf1ce19deba90a8df18.apk,1.34444444444,Malware
2dad20f4b3e43d1e9abe2ee1a4eefcfdcfe7a1ba.apk,0.916666666667,Malware
b234dc00928261662f3df2ed46ed7eb44e359066.apk,1.61111111111,Malware
24d3a18e042c35eea3f95da16c7697ac15fe223b.apk,0.974279835391,Malware
24d485c074b30b1800afead66473bd73b55add21.apk,1.27526455026,Malware
396888b036203ee436f860b664aec91f8b40afdc.apk,1.14648526077,Malware
6d5ed5ca8434a571f21fc0770f4f8ba689b20fed.apk,0.945833333333,Malware
6fedbfda043d6937a1769ad299e870224828b90b.apk,1.29076408341,Malware
e854ebd42822b4d33f7409aadbe2f5e03dfdd066.apk,1.37291666667,Malware
4edab972cc232a2525d6994760f0f71088707164.apk,1.30193602694,Malware
03f9fc8769422f66c59922319bffad46d0ceea94.apk,1.44158107688,Malware
bc2dedad0507a916604f86167a9fa306939e2080.apk,1.36299348799,Malware
8e2f43e46335b8a4ce68c920660def6e9c14c712.apk,1.26111111111,Malware
2d486501dcf635a5ca58bb82d3dd3539329a276d.apk,1.34555933485,Malware
4626899e1c247b9b6ad6b9ebb2ef67db41591563.apk,1.2530026455,Malware
8f7bf37face686ac456c21dc1dad132f077ce626.apk,1.40064814815,Malware
8fc9a38da971f3524ceb40816b9c31a69c790e98.apk,1.38668981481,Malware
dafb28e620871d70eee3d4bdb94ca7d37731bd48.apk,0.942504409171,Malware
ea09090859ef11ff566b2d82c2cde962f07eea8b.apk,1.16730324074,Malware
fed6ceb652999707a33584dd035b5ee40ddba6cf.apk,1.39521604938,Malware
07a3a66dccc51ec5406d09d5009d6e3b9194b36f.apk,1.30462962963,Malware
0cb343e080e4a7d2083dbf3d20961ef8f39f0f46.apk,1.42268518519,Malware
0ed06bade12587e2ef29fa1912fd7ed8c4aa1ffe.apk,1.22852103804,Malware
132f70936801d48da0677dedb09ef526ff1403ee.apk,1.10743793244,Malware
1a613334f30005925d95bbfd845caa065a15682b.apk,1.16375661376,Malware
1d53d08fcec4ac4e205bcf8dbe9af6a53eca6ca8.apk,1.43411375661,Malware
22445b06ed3aa807a0db23e6bc7f41d16a1f9465.apk,1.41444738389,Malware
24a8f9bd0c46bfdfbcf1d1c80f60298225722a68.apk,1.15037037037,Malware
2c1e7ac97f69753eda5ab088950b64ac12de0b44.apk,1.26922059422,Malware
38331a6364fba626d99d41de5cf87bcaabe3ab5c.apk,1.39879850088,Malware
3af9b2d73ec08af9226d0f24ee6a2d41d9023bb1.apk,0.903009259259,Malware
467a3aeab0b67612fe7d1e8cb9c873eaaacf8a39.apk,1.23237213404,Malware
4863b54d84dd40c1e371e95a99ef4f306fba501a.apk,1.39879850088,Malware
539b47540e124d099aebaede370b68bd0eccec49.apk,1.36008125472,Malware
5d6e726eae1ec333363a0308f4fee075245690c9.apk,1.29796777297,Malware
5ed635278e3488c93a17fbbb97909b9bb6ed65bf.apk,1.40795304233,Malware
63c709d3e8265826256aad6f6646ae5ee873268d.apk,1.30806878307,Malware
84a879f0af703e586fe0889b3d87ab380ff8a122.apk,1.43411375661,Malware
854cf2acd244e0d23f3990f869b2b6e3e8eec13c.apk,1.33469135802,Malware
9321abaf319603ab22473c60b624405c3971f0fb.apk,1.39879850088,Malware
9814a618970030102e7050c1d470076f650e357a.apk,1.39879850088,Malware
a679b4be44bef1fbe035c52e052b661684bffa2d.apk,1.29796777297,Malware
aea7ba821a3ab1d05eb3e49a989efbbf7d776c7b.apk,1.59135802469,Malware
aef3879d788dc7eeb71255bf25da4b86d2330f2c.apk,1.30806878307,Malware
c40e61e7368f91e275853086ed3f4e3ca423dea5.apk,1.39125514403,Malware
c8fd90495b1bcaba78bc0ad962b6682290260061.apk,1.4876606198,Malware
cd49c650889d7f06c4faf662218ff58e16d15ce4.apk,1.39208553792,Malware
f0fcc17f26d3a343d27ae5dd640206eb6be8a88d.apk,1.54203703704,Malware
25b55588a296a58191fd2daa6de2aab3951eb99d.apk,1.37522486772,Malware
2ac72e9b0c4cbf4e3aaaf0f3614e53dbce703bfa.apk,1.31568195179,Malware
c848cdc9ec6152bc8ca49cc72989f7d2ce56965b.apk,1.51101851852,Malware
1fce3240ea70b77e0d11c009788ae7cea5c87f77.apk,1.09135802469,Malware
27970cd6a9299ed0c34fcb265b372edb9ba772ac.apk,1.43185185185,Malware
7da266aac0dec80ff4e61c4d5b45bcaab4171fa2.apk,1.23444822373,Malware
0e63ba4bb6712456e8f9dd79bc0ebb2466b13ce2.apk,1.13031681507,Malware
0ef4a6bfa054343869e254e206d4e49b8fc5881b.apk,1.51574074074,Malware
24d073595478dab1c563681b43d0d2f23537e3b5.apk,1.32270502646,Malware
3219ead0bb43f7d2fd932c4fc79c91dba559d3e8.apk,1.13031681507,Malware
3d79d12d1abcddf9b53ca04469488a84a91aabdc.apk,1.62899230399,Malware
5e2c1f35ea3196a7d81b42d932729c4f253fbc8a.apk,1.33881766382,Malware
7cd1dfa05ac5c74205a234204c0af583c18a0fbc.apk,1.41347650171,Malware
8a61d821341fabd0dfcb1d2d666f2e55ed14819a.apk,1.13031681507,Malware
9328e1b46f3a01af004fcd8b74b509ab81992b28.apk,1.41207311207,Malware
9e67537c74931bea86ef049307b345bc3b5b9507.apk,1.40581183862,Malware
da1c0e0bf21bddad8a1dfe97c42889ee16a781d7.apk,1.61532921811,Malware
0d30027d1098d767bdd54faee43af4edb79819ce.apk,1.46168981481,Malware
0e551f4fcc5da86aa2b3b68e14405c2a2c5598f9.apk,1.54641203704,Malware
19662cc6c1278fa7fc67d0a22750b31ef450dc65.apk,1.35648148148,Malware
2c8d75b4de0a7415eeb24ae0b6cbe04392d60e3b.apk,1.54708994709,Malware
971b3df7ea0f9134b69a1c1f89bbd09d085ca855.apk,1.45481481481,Malware
a13cc291f4464853e7453ae840124ae604d5d3f1.apk,1.4412037037,Malware
b765b9a9ad84c69857c42c206e775bae695cde9a.apk,1.46427469136,Malware
c00ef6839d831c0bfbb4a05818803fe864d9968a.apk,1.36183862434,Malware
039f76817208b204f866e80160c2c6c4a3487458.apk,1.48234567901,Malware
0d33dc4fe85e88cb70e9e1870497b4fc26c272c1.apk,1.48883442266,Malware
1b87a490c092a7632f7363c8c4003a2db67bac4e.apk,1.47881481481,Malware
2e998614b17adbafeb55b5fb9820f63aec5ce8b4.apk,1.21981607458,Malware
35ad670f65a667b48a5db4f3d13e3050fe282f12.apk,1.42679012346,Malware
5ee6d380fa086364fed4bbde1ec14c156ac92ed5.apk,1.47881481481,Malware
bc63590e6bff6ad988d151c4717078d7cde3891a.apk,1.49567901235,Malware
0874540015f36d46973b684fcce14ec705b1b9e4.apk,1.59883597884,Malware
7dae6aa7e2aad75902e2018a1b4f1d370bab0803.apk,1.71944444444,Malware
3f729d0bb5a6524463d11265bac1b676cec6fade.apk,1.32083333333,Malware
4aaf5e3219108394874152cae6fdab77a95dc3da.apk,1.32083333333,Malware
9bebe8048ad09885f1c023cbe697144ce8b9cb03.apk,1.52384259259,Malware
f8eac76f3c50be40945cc0562a537f5c661454cd.apk,1.19328703704,Malware
002a775c92338612b6e3fbf00ab157a353e48514.apk,1.2912962963,Malware
1fad7afd7ccae3c7f70b11a342e52d4bae2a2f7a.apk,1.55502645503,Malware
372c09809010620fd4cf54df582f0e893a1ae18e.apk,1.43674768519,Malware
5c52f10a83f344c1d68c3c79a4b306f667e62f0a.apk,1.56175925926,Malware
8136540e5888ba6f77e5e6a10563b3cfa201a2ea.apk,1.06377314815,Malware
96cf47b898f8a4440b578f3564599b358e2eafd7.apk,0.954686318972,Malware
b1675db6fbb245478bc14041cfcb48b0086071fb.apk,1.30958994709,Malware
7e04d1854382dbb42417ab4e5eab142ebb482ff9.apk,1.33114344503,Malware
